{
  "ae2:base_cablebusblockentity": null,
  "ae2:charger": null,
  "ae2:crafting_monitor": null,
  "ae2:debug": null,
  "ae2:grid_node": null,
  "ae2:grid_node_state": null,
  "ae2:part_icon": null,
  "ae2:part_mod_name": null,
  "ae2:part_name": null,
  "ae2:part_tooltip": null,
  "ae2:pattern_provider": null,
  "ae2:power_storage": null,
  "apotheosis:adventure": null,
  "apothic_enchanting:ench": null,
  "apothic_spawners:spawner": null,
  "ars_nouveau:mob_jar": null,
  "balm:jade": null,
  "cookingforblockheads:fridge": null,
  "cookingforblockheads:milk_jar": null,
  "cookingforblockheads:oven": null,
  "cookingforblockheads:preservation_chamber": null,
  "cookingforblockheads:sink": null,
  "cookingforblockheads:toaster": null,
  "corpse:corpse": null,
  "entangled:entangled_block_component": null,
  "framedblocks:framed_block_generic": null,
  "framedblocks:framed_item_frame": null,
  "ftbquests:barrier": null,
  "functionalstorage:armory": null,
  "functionalstorage:drawer": null,
  "immersiveengineering:multiblock_icon": null,
  "immersiveengineering:multiblock_inventory": null,
  "immersiveengineering:multiblock_tank": null,
  "jade:block_face": null,
  "jade:block_properties": null,
  "jade:block_states": null,
  "jade:distance": null,
  "jade:mod_name": null,
  "jade:object_name": null,
  "jade:registry_name": null,
  "jade_access:block": null,
  "jade_access:block_amount": null,
  "jade_access:block_body": null,
  "jade_access:entity": null,
  "jade_access:entity_body": null,
  "jade_access:entity_variant": null,
  "jade_access:held_item": null,
  "jade_access:sign": null,
  "mekanism:data_provider": null,
  "mekanism:entity_data_provider": null,
  "mekanism:remove_builtin": null,
  "mekanism:tooltip_renderer": null,
  "minecraft:animal_owner": null,
  "minecraft:armor_stand": null,
  "minecraft:beehive": null,
  "minecraft:block_display": null,
  "minecraft:brewing_stand": null,
  "minecraft:campfire": null,
  "minecraft:chiseled_bookshelf": null,
  "minecraft:command_block": null,
  "minecraft:crop_progress": null,
  "minecraft:enchantment_power": null,
  "minecraft:energy_storage": null,
  "minecraft:energy_storage.default": null,
  "minecraft:entity_armor": null,
  "minecraft:entity_health": null,
  "minecraft:falling_block": null,
  "minecraft:fluid_storage": null,
  "minecraft:fluid_storage.default": null,
  "minecraft:furnace": null,
  "minecraft:harvest_tool": null,
  "minecraft:hopper_lock": null,
  "minecraft:horse_stats": null,
  "minecraft:item_ber": null,
  "minecraft:item_display": null,
  "minecraft:item_frame": null,
  "minecraft:item_storage": null,
  "minecraft:item_storage.default": null,
  "minecraft:item_tooltip": null,
  "minecraft:jukebox": null,
  "minecraft:lectern": null,
  "minecraft:mob_breeding": null,
  "minecraft:mob_growth": null,
  "minecraft:mob_spawner": null,
  "minecraft:mob_spawner.cooldown": null,
  "minecraft:next_entity_drop": null,
  "minecraft:note_block": null,
  "minecraft:painting": null,
  "minecraft:player_head": null,
  "minecraft:potion_effects": null,
  "minecraft:progress": null,
  "minecraft:redstone": null,
  "minecraft:tnt_stability": null,
  "minecraft:total_enchantment_power": null,
  "minecraft:villager_profession": null,
  "minecraft:waxed": null,
  "minecraft:zombie_villager": null,
  "modern_industrialization:machine": null,
  "modern_industrialization:overclock": null,
  "modern_industrialization:pipe": null,
  "modern_industrialization:tank": null,
  "modularrouters:router": null,
  "occultism:foliot": null,
  "occultism:sacrificial": null,
  "oritech:machine_core_controller": null,
  "pneumaticcraft:camo": null,
  "pneumaticcraft:entity": null,
  "pneumaticcraft:pneumatic": null,
  "pneumaticcraft:redstone": null,
  "pneumaticcraft:semiblock": null,
  "pneumaticcraft:tube_module": null,
  "replication:matter_tank": null,
  "supplementaries:hat_stand": null,
  "supplementaries:present": null,
  "supplementaries:safe": null,
  "tempad:anchor": null,
  "tempad:chronon": null,
  "tempad:metronome": null,
  "tempad:rudimentary": null,
  "tempad:timedoor": null,
  "tempad:workstation": null,
  "theurgy:mercury_flux": null,
  "waystones:waystone": null
}