{
    "mod_priorities": [
        "minecraft",
        "emendatusenigmatica",
        "kubejs",
        "modern_industrialization",
        "create",
        "mekanism",
        "occultism",
        "ae2",
        "enderio",
        "oritech",
        "actuallyadditions",
        "utilitarian",
        "justdirethings",
        "bigreactors",
        "immersiveengineering"
    ],
    "priority_overrides": {},
    "stone_variants": ["stone", "andesite", "deepslate", "diorite", "granite", "nether"],
    "tags": [
        "c:dusts/{material}",
        "c:clumps/{material}",
        "c:crystals/{material}",
        "c:dirty_dusts/{material}",
        "c:shards/{material}",
        "c:tiny_dusts/{material}",
        "c:gears/{material}",
        "c:gems/{material}",
        "c:tiny_gems/{material}",
        "c:ingots/{material}",
        "c:nuggets/{material}",
        "c:ores/{material}",
        "c:plates/{material}",
        "c:raw_materials/{material}",
        "c:rods/{material}",
        "c:storage_blocks/raw_{material}",
        "c:storage_blocks/{material}",
        "c:wires/{material}",
        "c:dyes/{material}",
        "c:silicon",
        "c:coal_coke"
    ],
    "ignored_tags": [],
    "ignored_items": [],
    "ignored_recipe_types": ["cucumber:shaped_tag"],
    "ignored_recipe_ids": [],
    "recipe_viewer_hiding": true,
    "loot_unification": true,
    "ignored_loot_tables": []
}
